{
    "loss": 5.284233093261719,
    "accuracy": 0.5447154641151428
}