{
    "loss": 0.783102810382843,
    "accuracy": 0.6707317233085632
}