{
    "loss": 14.05947494506836,
    "accuracy": 0.33739838004112244
}