{
    "loss": 0.6751432418823242,
    "accuracy": 0.772357702255249
}