{
    "loss": 0.6789146065711975,
    "accuracy": 0.7682926654815674
}