{
    "loss": 0.7326427698135376,
    "accuracy": 0.7804877758026123
}